country,datetime_utc,price_eur,granularity_minutes,source,ingestion_ts
DE,2026-08-25T00:00:00.000Z,142.42,60,smard,2026-09-04T23:15:12.883Z
DE,2026-08-25T01:00:00.000Z,140.01,60,smard,2026-09-04T23:15:12.883Z
DE,2026-08-25T02:00:00.000Z,141.62,60,smard,2026-09-04T23:15:12.883Z
DE,2026-08-25T03:00:00.000Z,149.58,60,smard,2026-09-04T23:15:12.883Z
DE,2026-08-25T04:00:00.000Z,171.42,60,smard,2026-09-04T23:15:12.883Z
DE,2026-08-25T05:00:00.000Z,180.66,60,smard,2026-09-04T23:15:12.883Z
DE,2026-08-25T06:00:00.000Z,171.41,60,smard,2026-09-04T23:15:12.883Z
DE,2026-08-25T07:00:00.000Z,145.44,60,smard,2026-09-04T23:15:12.883Z
DE,2026-08-25T08:00:00.000Z,117.46,60,smard,2026-09-04T23:15:12.883Z
DE,2026-08-25T09:00:00.000Z,83.15,60,smard,2026-09-04T23:15:12.883Z
DE,2026-08-25T10:00:00.000Z,67.16,60,smard,2026-09-04T23:15:12.883Z
DE,2026-08-25T11:00:00.000Z,62.21,60,smard,2026-09-04T23:15:12.883Z
DE,2026-08-25T12:00:00.000Z,68.46,60,smard,2026-09-04T23:15:12.883Z
DE,2026-08-25T13:00:00.000Z,85.0,60,smard,2026-09-04T23:15:12.883Z
DE,2026-08-25T14:00:00.000Z,114.4,60,smard,2026-09-04T23:15:12.883Z
DE,2026-08-25T15:00:00.000Z,147.05,60,smard,2026-09-04T23:15:12.883Z
DE,2026-08-25T16:00:00.000Z,178.78,60,smard,2026-09-04T23:15:12.883Z
DE,2026-08-25T17:00:00.000Z,209.31,60,smard,2026-09-04T23:15:12.883Z
DE,2026-08-25T18:00:00.000Z,205.14,60,smard,2026-09-04T23:15:12.883Z
DE,2026-08-25T19:00:00.000Z,182.49,60,smard,2026-09-04T23:15:12.883Z
DE,2026-08-25T20:00:00.000Z,172.27,60,smard,2026-09-04T23:15:12.883Z
DE,2026-08-25T21:00:00.000Z,159.66,60,smard,2026-09-04T23:15:12.883Z
DE,2026-08-25T22:00:00.000Z,164.03,60,smard,2026-09-04T23:15:12.883Z
DE,2026-08-25T23:00:00.000Z,157.06,60,smard,2026-09-04T23:15:12.883Z
DE,2026-08-26T00:00:00.000Z,151.64,60,smard,2026-09-04T23:15:21.266Z
DE,2026-08-26T01:00:00.000Z,149.6,60,smard,2026-09-04T23:15:21.266Z
DE,2026-08-26T02:00:00.000Z,151.76,60,smard,2026-09-04T23:15:21.266Z
DE,2026-08-26T03:00:00.000Z,160.47,60,smard,2026-09-04T23:15:21.266Z
DE,2026-08-26T04:00:00.000Z,185.13,60,smard,2026-09-04T23:15:21.266Z
DE,2026-08-26T05:00:00.000Z,195.54,60,smard,2026-09-04T23:15:21.266Z
DE,2026-08-26T06:00:00.000Z,193.52,60,smard,2026-09-04T23:15:21.266Z
DE,2026-08-26T07:00:00.000Z,166.62,60,smard,2026-09-04T23:15:21.266Z
DE,2026-08-26T08:00:00.000Z,137.48,60,smard,2026-09-04T23:15:21.266Z
DE,2026-08-26T09:00:00.000Z,120.66,60,smard,2026-09-04T23:15:21.266Z
DE,2026-08-26T10:00:00.000Z,98.61,60,smard,2026-09-04T23:15:21.266Z
DE,2026-08-26T11:00:00.000Z,89.54,60,smard,2026-09-04T23:15:21.266Z
DE,2026-08-26T12:00:00.000Z,91.97,60,smard,2026-09-04T23:15:21.266Z
DE,2026-08-26T13:00:00.000Z,102.55,60,smard,2026-09-04T23:15:21.266Z
DE,2026-08-26T14:00:00.000Z,122.51,60,smard,2026-09-04T23:15:21.266Z
DE,2026-08-26T15:00:00.000Z,156.97,60,smard,2026-09-04T23:15:21.266Z
DE,2026-08-26T16:00:00.000Z,185.63,60,smard,2026-09-04T23:15:21.266Z
DE,2026-08-26T17:00:00.000Z,211.25,60,smard,2026-09-04T23:15:21.266Z
DE,2026-08-26T18:00:00.000Z,201.78,60,smard,2026-09-04T23:15:21.266Z
DE,2026-08-26T19:00:00.000Z,178.69,60,smard,2026-09-04T23:15:21.266Z
DE,2026-08-26T20:00:00.000Z,163.59,60,smard,2026-09-04T23:15:21.266Z
DE,2026-08-26T21:00:00.000Z,151.11,60,smard,2026-09-04T23:15:21.266Z
DE,2026-08-26T22:00:00.000Z,148.55,60,smard,2026-09-04T23:15:21.266Z
DE,2026-08-26T23:00:00.000Z,142.18,60,smard,2026-09-04T23:15:21.266Z
DE,2026-08-27T00:00:00.000Z,135.17,60,smard,2026-09-04T23:15:26.832Z
DE,2026-08-27T01:00:00.000Z,134.42,60,smard,2026-09-04T23:15:26.832Z
DE,2026-08-27T02:00:00.000Z,136.19,60,smard,2026-09-04T23:15:26.832Z
DE,2026-08-27T03:00:00.000Z,146.56,60,smard,2026-09-04T23:15:26.832Z
DE,2026-08-27T04:00:00.000Z,167.58,60,smard,2026-09-04T23:15:26.832Z
DE,2026-08-27T05:00:00.000Z,174.14,60,smard,2026-09-04T23:15:26.832Z
DE,2026-08-27T06:00:00.000Z,160.39,60,smard,2026-09-04T23:15:26.832Z
DE,2026-08-27T07:00:00.000Z,124.65,60,smard,2026-09-04T23:15:26.832Z
DE,2026-08-27T08:00:00.000Z,104.1,60,smard,2026-09-04T23:15:26.832Z
DE,2026-08-27T09:00:00.000Z,57.58,60,smard,2026-09-04T23:15:26.832Z
DE,2026-08-27T10:00:00.000Z,21.68,60,smard,2026-09-04T23:15:26.832Z
DE,2026-08-27T11:00:00.000Z,6.57,60,smard,2026-09-04T23:15:26.832Z
DE,2026-08-27T12:00:00.000Z,14.19,60,smard,2026-09-04T23:15:26.832Z
DE,2026-08-27T13:00:00.000Z,45.38,60,smard,2026-09-04T23:15:26.832Z
DE,2026-08-27T14:00:00.000Z,96.15,60,smard,2026-09-04T23:15:26.832Z
DE,2026-08-27T15:00:00.000Z,141.7,60,smard,2026-09-04T23:15:26.832Z
DE,2026-08-27T16:00:00.000Z,173.81,60,smard,2026-09-04T23:15:26.832Z
DE,2026-08-27T17:00:00.000Z,199.26,60,smard,2026-09-04T23:15:26.832Z
DE,2026-08-27T18:00:00.000Z,191.49,60,smard,2026-09-04T23:15:26.832Z
DE,2026-08-27T19:00:00.000Z,175.92,60,smard,2026-09-04T23:15:26.832Z
DE,2026-08-27T20:00:00.000Z,164.92,60,smard,2026-09-04T23:15:26.832Z
DE,2026-08-27T21:00:00.000Z,150.39,60,smard,2026-09-04T23:15:26.832Z
DE,2026-08-27T22:00:00.000Z,139.52,60,smard,2026-09-04T23:15:26.832Z
DE,2026-08-27T23:00:00.000Z,139.29,60,smard,2026-09-04T23:15:26.832Z
DE,2026-08-28T00:00:00.000Z,138.24,60,smard,2026-09-04T23:15:33.439Z
DE,2026-08-28T01:00:00.000Z,138.8,60,smard,2026-09-04T23:15:33.439Z
DE,2026-08-28T02:00:00.000Z,139.09,60,smard,2026-09-04T23:15:33.439Z
DE,2026-08-28T03:00:00.000Z,146.77,60,smard,2026-09-04T23:15:33.439Z
DE,2026-08-28T04:00:00.000Z,171.01,60,smard,2026-09-04T23:15:33.439Z
DE,2026-08-28T05:00:00.000Z,177.98,60,smard,2026-09-04T23:15:33.439Z
DE,2026-08-28T06:00:00.000Z,169.47,60,smard,2026-09-04T23:15:33.439Z
DE,2026-08-28T07:00:00.000Z,155.15,60,smard,2026-09-04T23:15:33.439Z
DE,2026-08-28T08:00:00.000Z,137.64,60,smard,2026-09-04T23:15:33.439Z
DE,2026-08-28T09:00:00.000Z,121.58,60,smard,2026-09-04T23:15:33.439Z
DE,2026-08-28T10:00:00.000Z,110.89,60,smard,2026-09-04T23:15:33.439Z
DE,2026-08-28T11:00:00.000Z,96.24,60,smard,2026-09-04T23:15:33.439Z
DE,2026-08-28T12:00:00.000Z,104.0,60,smard,2026-09-04T23:15:33.439Z
DE,2026-08-28T13:00:00.000Z,114.37,60,smard,2026-09-04T23:15:33.439Z
DE,2026-08-28T14:00:00.000Z,119.56,60,smard,2026-09-04T23:15:33.439Z
DE,2026-08-28T15:00:00.000Z,143.2,60,smard,2026-09-04T23:15:33.439Z
DE,2026-08-28T16:00:00.000Z,160.48,60,smard,2026-09-04T23:15:33.439Z
DE,2026-08-28T17:00:00.000Z,172.54,60,smard,2026-09-04T23:15:33.439Z
DE,2026-08-28T18:00:00.000Z,176.77,60,smard,2026-09-04T23:15:33.439Z
DE,2026-08-28T19:00:00.000Z,166.11,60,smard,2026-09-04T23:15:33.439Z
DE,2026-08-28T20:00:00.000Z,161.45,60,smard,2026-09-04T23:15:33.439Z
DE,2026-08-28T21:00:00.000Z,145.13,60,smard,2026-09-04T23:15:33.439Z
DE,2026-08-28T22:00:00.000Z,130.52,60,smard,2026-09-04T23:15:33.439Z
DE,2026-08-28T23:00:00.000Z,112.36,60,smard,2026-09-04T23:15:33.439Z
DE,2026-08-29T00:00:00.000Z,100.3,60,smard,2026-09-04T23:15:38.951Z
DE,2026-08-29T01:00:00.000Z,93.25,60,smard,2026-09-04T23:15:38.951Z
DE,2026-08-29T02:00:00.000Z,93.01,60,smard,2026-09-04T23:15:38.951Z
DE,2026-08-29T03:00:00.000Z,96.58,60,smard,2026-09-04T23:15:38.951Z
DE,2026-08-29T04:00:00.000Z,97.14,60,smard,2026-09-04T23:15:38.951Z
DE,2026-08-29T05:00:00.000Z,101.24,60,smard,2026-09-04T23:15:38.951Z
DE,2026-08-29T06:00:00.000Z,60.42,60,smard,2026-09-04T23:15:38.951Z
DE,2026-08-29T07:00:00.000Z,4.57,60,smard,2026-09-04T23:15:38.951Z
DE,2026-08-29T08:00:00.000Z,-0.34,60,smard,2026-09-04T23:15:38.951Z
DE,2026-08-29T09:00:00.000Z,-1.36,60,smard,2026-09-04T23:15:38.951Z
DE,2026-08-29T10:00:00.000Z,-1.81,60,smard,2026-09-04T23:15:38.951Z
DE,2026-08-29T11:00:00.000Z,-1.76,60,smard,2026-09-04T23:15:38.951Z
DE,2026-08-29T12:00:00.000Z,-1.18,60,smard,2026-09-04T23:15:38.951Z
DE,2026-08-29T13:00:00.000Z,-0.02,60,smard,2026-09-04T23:15:38.951Z
DE,2026-08-29T14:00:00.000Z,24.58,60,smard,2026-09-04T23:15:38.951Z
DE,2026-08-29T15:00:00.000Z,112.99,60,smard,2026-09-04T23:15:38.951Z
DE,2026-08-29T16:00:00.000Z,171.5,60,smard,2026-09-04T23:15:38.951Z
DE,2026-08-29T17:00:00.000Z,198.97,60,smard,2026-09-04T23:15:38.951Z
DE,2026-08-29T18:00:00.000Z,194.78,60,smard,2026-09-04T23:15:38.951Z
DE,2026-08-29T19:00:00.000Z,177.52,60,smard,2026-09-04T23:15:38.951Z
DE,2026-08-29T20:00:00.000Z,163.49,60,smard,2026-09-04T23:15:38.951Z
DE,2026-08-29T21:00:00.000Z,145.62,60,smard,2026-09-04T23:15:38.951Z
DE,2026-08-29T22:00:00.000Z,117.43,60,smard,2026-09-04T23:15:38.951Z
DE,2026-08-29T23:00:00.000Z,102.59,60,smard,2026-09-04T23:15:38.951Z
DE,2026-08-30T00:00:00.000Z,86.04,60,smard,2026-09-04T23:15:44.309Z
DE,2026-08-30T01:00:00.000Z,77.94,60,smard,2026-09-04T23:15:44.309Z
DE,2026-08-30T02:00:00.000Z,69.38,60,smard,2026-09-04T23:15:44.309Z
DE,2026-08-30T03:00:00.000Z,72.96,60,smard,2026-09-04T23:15:44.309Z
DE,2026-08-30T04:00:00.000Z,70.9,60,smard,2026-09-04T23:15:44.309Z
DE,2026-08-30T05:00:00.000Z,59.04,60,smard,2026-09-04T23:15:44.309Z
DE,2026-08-30T06:00:00.000Z,15.99,60,smard,2026-09-04T23:15:44.309Z
DE,2026-08-30T07:00:00.000Z,-0.01,60,smard,2026-09-04T23:15:44.309Z
DE,2026-08-30T08:00:00.000Z,-0.1,60,smard,2026-09-04T23:15:44.309Z
DE,2026-08-30T09:00:00.000Z,-0.15,60,smard,2026-09-04T23:15:44.309Z
DE,2026-08-30T10:00:00.000Z,-1.02,60,smard,2026-09-04T23:15:44.309Z
DE,2026-08-30T11:00:00.000Z,-1.05,60,smard,2026-09-04T23:15:44.309Z
DE,2026-08-30T12:00:00.000Z,-1.06,60,smard,2026-09-04T23:15:44.309Z
DE,2026-08-30T13:00:00.000Z,-0.12,60,smard,2026-09-04T23:15:44.309Z
DE,2026-08-30T14:00:00.000Z,-0.01,60,smard,2026-09-04T23:15:44.309Z
DE,2026-08-30T15:00:00.000Z,62.45,60,smard,2026-09-04T23:15:44.309Z
DE,2026-08-30T16:00:00.000Z,163.39,60,smard,2026-09-04T23:15:44.309Z
DE,2026-08-30T17:00:00.000Z,184.17,60,smard,2026-09-04T23:15:44.309Z
DE,2026-08-30T18:00:00.000Z,193.2,60,smard,2026-09-04T23:15:44.309Z
DE,2026-08-30T19:00:00.000Z,192.92,60,smard,2026-09-04T23:15:44.309Z
DE,2026-08-30T20:00:00.000Z,181.44,60,smard,2026-09-04T23:15:44.309Z
DE,2026-08-30T21:00:00.000Z,168.79,60,smard,2026-09-04T23:15:44.309Z
DE,2026-08-31T00:00:00.000Z,153.24,60,smard,2026-09-04T23:15:49.657Z
DE,2026-08-31T01:00:00.000Z,147.8,60,smard,2026-09-04T23:15:49.657Z
DE,2026-08-31T02:00:00.000Z,142.41,60,smard,2026-09-04T23:15:49.657Z
DE,2026-08-31T03:00:00.000Z,144.21,60,smard,2026-09-04T23:15:49.657Z
DE,2026-08-31T04:00:00.000Z,155.25,60,smard,2026-09-04T23:15:49.657Z
DE,2026-08-31T05:00:00.000Z,164.96,60,smard,2026-09-04T23:15:49.657Z
DE,2026-08-31T06:00:00.000Z,162.38,60,smard,2026-09-04T23:15:49.657Z
DE,2026-08-31T07:00:00.000Z,126.53,60,smard,2026-09-04T23:15:49.657Z
DE,2026-08-31T08:00:00.000Z,38.35,60,smard,2026-09-04T23:15:49.657Z
DE,2026-08-31T09:00:00.000Z,0.02,60,smard,2026-09-04T23:15:49.657Z
DE,2026-08-31T10:00:00.000Z,-0.06,60,smard,2026-09-04T23:15:49.657Z
DE,2026-08-31T11:00:00.000Z,-0.95,60,smard,2026-09-04T23:15:49.657Z
DE,2026-08-31T12:00:00.000Z,-1.03,60,smard,2026-09-04T23:15:49.657Z
DE,2026-08-31T13:00:00.000Z,-0.08,60,smard,2026-09-04T23:15:49.657Z
DE,2026-08-31T14:00:00.000Z,1.0,60,smard,2026-09-04T23:15:49.657Z
DE,2026-08-31T15:00:00.000Z,73.02,60,smard,2026-09-04T23:15:49.657Z
DE,2026-08-31T16:00:00.000Z,157.93,60,smard,2026-09-04T23:15:49.657Z
DE,2026-08-31T17:00:00.000Z,183.11,60,smard,2026-09-04T23:15:49.657Z
DE,2026-08-31T18:00:00.000Z,189.15,60,smard,2026-09-04T23:15:49.657Z
DE,2026-08-31T19:00:00.000Z,182.29,60,smard,2026-09-04T23:15:49.657Z
DE,2026-08-31T20:00:00.000Z,171.55,60,smard,2026-09-04T23:15:49.657Z
DE,2026-08-31T21:00:00.000Z,155.28,60,smard,2026-09-04T23:15:49.657Z
DE,2026-08-31T22:00:00.000Z,154.59,60,smard,2026-09-04T23:15:49.657Z
DE,2026-08-31T23:00:00.000Z,146.61,60,smard,2026-09-04T23:15:49.657Z
DE,2026-09-01T00:00:00.000Z,141.37,60,smard,2026-09-05T17:45:54.927Z
DE,2026-09-01T01:00:00.000Z,142.3,60,smard,2026-09-05T17:45:54.927Z
DE,2026-09-01T02:00:00.000Z,145.9,60,smard,2026-09-05T17:45:54.927Z
DE,2026-09-01T03:00:00.000Z,156.68,60,smard,2026-09-05T17:45:54.927Z
DE,2026-09-01T04:00:00.000Z,188.46,60,smard,2026-09-05T17:45:54.927Z
DE,2026-09-01T05:00:00.000Z,205.15,60,smard,2026-09-05T17:45:54.927Z
DE,2026-09-01T06:00:00.000Z,192.75,60,smard,2026-09-05T17:45:54.927Z
DE,2026-09-01T07:00:00.000Z,149.46,60,smard,2026-09-05T17:45:54.927Z
DE,2026-09-01T08:00:00.000Z,119.76,60,smard,2026-09-05T17:45:54.927Z
DE,2026-09-01T09:00:00.000Z,90.0,60,smard,2026-09-05T17:45:54.927Z
DE,2026-09-01T10:00:00.000Z,50.9,60,smard,2026-09-05T17:45:54.927Z
DE,2026-09-01T11:00:00.000Z,29.12,60,smard,2026-09-05T17:45:54.927Z
DE,2026-09-01T12:00:00.000Z,33.1,60,smard,2026-09-05T17:45:54.927Z
DE,2026-09-01T13:00:00.000Z,51.19,60,smard,2026-09-05T17:45:54.927Z
DE,2026-09-01T14:00:00.000Z,94.07,60,smard,2026-09-05T17:45:54.927Z
DE,2026-09-01T15:00:00.000Z,140.01,60,smard,2026-09-05T17:45:54.927Z
DE,2026-09-01T16:00:00.000Z,177.26,60,smard,2026-09-05T17:45:54.927Z
DE,2026-09-01T17:00:00.000Z,214.23,60,smard,2026-09-05T17:45:54.927Z
DE,2026-09-01T18:00:00.000Z,231.6,60,smard,2026-09-05T17:45:54.927Z
DE,2026-09-01T19:00:00.000Z,217.91,60,smard,2026-09-05T17:45:54.927Z
DE,2026-09-01T20:00:00.000Z,199.47,60,smard,2026-09-05T17:45:54.927Z
DE,2026-09-01T21:00:00.000Z,179.34,60,smard,2026-09-05T17:45:54.927Z
DE,2026-09-01T22:00:00.000Z,170.72,60,smard,2026-09-05T17:45:54.927Z
DE,2026-09-01T23:00:00.000Z,162.17,60,smard,2026-09-05T17:45:54.927Z
DE,2026-09-05T00:00:00.000Z,60.07,60,smard,2026-09-04T23:10:54.400Z
DE,2026-09-05T01:00:00.000Z,55.51,60,smard,2026-09-04T23:10:54.400Z
DE,2026-09-05T02:00:00.000Z,51.3,60,smard,2026-09-04T23:10:54.400Z
DE,2026-09-05T03:00:00.000Z,54.04,60,smard,2026-09-04T23:10:54.400Z
DE,2026-09-05T04:00:00.000Z,56.82,60,smard,2026-09-04T23:10:54.400Z
DE,2026-09-05T05:00:00.000Z,61.26,60,smard,2026-09-04T23:10:54.400Z
DE,2026-09-05T06:00:00.000Z,37.39,60,smard,2026-09-04T23:10:54.400Z
DE,2026-09-05T07:00:00.000Z,1.01,60,smard,2026-09-04T23:10:54.400Z
DE,2026-09-05T08:00:00.000Z,-0.8,60,smard,2026-09-04T23:10:54.400Z
DE,2026-09-05T09:00:00.000Z,-4.94,60,smard,2026-09-04T23:10:54.400Z
DE,2026-09-05T10:00:00.000Z,-8.96,60,smard,2026-09-04T23:10:54.400Z
DE,2026-09-05T11:00:00.000Z,-17.4,60,smard,2026-09-04T23:10:54.400Z
DE,2026-09-05T12:00:00.000Z,-19.0,60,smard,2026-09-04T23:10:54.400Z
DE,2026-09-05T13:00:00.000Z,-10.0,60,smard,2026-09-04T23:10:54.400Z
DE,2026-09-05T14:00:00.000Z,-3.36,60,smard,2026-09-04T23:10:54.400Z
DE,2026-09-05T15:00:00.000Z,-0.03,60,smard,2026-09-04T23:10:54.400Z
DE,2026-09-05T16:00:00.000Z,39.13,60,smard,2026-09-04T23:10:54.400Z
DE,2026-09-05T17:00:00.000Z,102.74,60,smard,2026-09-04T23:10:54.400Z
DE,2026-09-05T18:00:00.000Z,115.99,60,smard,2026-09-04T23:10:54.400Z
DE,2026-09-05T19:00:00.000Z,109.9,60,smard,2026-09-04T23:10:54.400Z
DE,2026-09-05T20:00:00.000Z,107.85,60,smard,2026-09-04T23:10:54.400Z
DE,2026-09-05T21:00:00.000Z,100.96,60,smard,2026-09-04T23:10:54.400Z
